<?xml version="1.0" encoding="UTF-8"?>

<subjectInfo  xmlns:xsi='http://www.w3.org/2001/XMLSchema-instance'
              xmlns='http://kpi.fei.tuke.sk/practices'
              xmlns:h='http://www.w3.org/1999/xhtml'
              xsi:schemaLocation='
http://kpi.fei.tuke.sk/practices ../../resources/schema/practices.xsd
http://www.w3.org/1999/xhtml ../../resources/schema/xhtml1-strict.xsd
'>
    <!--názov je automaticky vygenerovaný, ale ak je tu zadaný, tak sa nahradí týmto-->
    <title>Organizácia cvičení a podmienky udelenia zápočtu</title>

    <!--globálne ciele predmetu-->
    <objective>
        Cieľom cvičení je naučiť študentov základy formálnych jazykov a prekladačov.
    </objective>
    <objective>
        Na cvičeniach sa študenti oboznámia s konštrukciou konečnostavového automatu a jeho implementáciou pri rozpoznávaní vstupu.
    </objective>
    <objective>
        Taktiež sa študenti oboznámia postupne s jednotlivými fázami prekladu: lexikálna analýza, syntaktická analýza, sémantická analýza, zotavenie, generovanie kódu. 
    </objective>
    <objective>
        Praktická časť tohto predmetu bude orientovaná na programové riešenie vybraných úloh z prostredia spracovania vstupu, prekladu a generovania kódu.
    </objective>
	<objective>
        Úspešné absolvovanie cvičení predpokladá vypracovanie troch funkčných zadaní zameraných na tvorbu konečnostavového akceptora, jednoduchého interpretera a prekladača.
    </objective>
    <!--moze byt viac objectives-->

    <additionalInfo>
        Na každom cvičení cvičiaci uvedie študentov do problematiky a tí následne riešia
        jednoduché úlohy s pomocou týchto materiálov. Svoje návrhy, riešenia a nejasnosti
        konzultujú s cvičiacim. Po vyriešení všetkých úloh študenti pokračujú v práci
        na svojich zadaniach. V tom im pomáhajú doplňujúce úlohy uvedené na konci každého cvičenia.
    </additionalInfo>

    <!--Podmienky pre udelenie zápočtu-->
    <conditions generatePresenceConditions="true">
		<!--
        Organizácia cvičení predmetu Formálne jazyky a zhrnutie podmienok zápočtu je na <link href="http://people.tuke.sk/jan.kollar/FJaP/FJaP%20Cvicenia.pdf"></link>.
		-->
        <!--nasledujúce dva body by mohli byť automaticky vygenerované, kto ale
        zadá vlastné, nahradia sa-->
        <term type="presence">
            Ani jedna neospravedlnená neúčasť.
        </term>
        <term type="presence">
            Maximálne 3 ospravedlnené neúčasti - spôsob náhrady určí cvičiaci.
        </term>
        <!--zapocet - celkovy pocet bodov max a min, ktore treba na ziskanie zapoctu-->
		Priebežné hodnotenie (zápočet):
        <scores>
            <max>30</max>
            <min>16</min>
        </scores>
        <assignments>
            <!--automaticky vlozi cislo tyzdna a odkaz na ten tyzden,
            kde su napisane podmienky pre to zadanie, resp. ktory je poslednym
            terminom pre odovzdanie zadania-->
            <!--ak nie je zadany week, posledny termin odovzdania je posledny
            tyzden-->
            <!--ak bude v texte asignment znacky uvedený link, potom sa uvedie namiesto
            cisla tyzdna tento odkaz.-->
            <!--
			<assignment type="program" maxPoints="3" week="5">
                 Konečnostavový akceptor - program pre detekciu určitých vstupných postupností.
            </assignment>
			-->
            <assignment type="program" maxPoints="4" week="6">
                Interpreter - implementácia kalkulačky.
            </assignment>
           <assignment type="program" maxPoints="8" week="10">
                Prekladač - jazyk definície KSA.
            </assignment>
           <assignment type="test" maxPoints="7" week="5">
                Test A - Vytvorenie DKA zo zadanej špecifikácie regulárneho výrazu.
            </assignment>	
           <assignment type="test" maxPoints="8" week="11">
                Test B - Gramatika typu LL(1).
            </assignment>				
            <assignment type="activity" maxPoints="3"> Aktivity na cvičeniach formou náhodných (vopred neohlásených) testov vedomostí. Počet aktivít a spôsob hodnotenia určí pedagóg zodpovedný za cvičenia.
            </assignment>
        </assignments>
    </conditions>

    <!--prednášajúci-->
    <presenter>
        <name>doc. Ing. William Steingartner, PhD.</name>
        <contact>william.steingartner@tuke.sk</contact>
        <url>https://kpi.fei.tuke.sk/sk/person/william-steingartner</url>
    </presenter>

    <!--zoznam cvičiacich-->
    <instructor>
        <name>doc. Ing. William Steingartner, PhD.</name>
        <contact>william.steingartner@tuke.sk</contact>
        <url>https://kpi.fei.tuke.sk/sk/person/william-steingartner</url>
    </instructor>
    <instructor>
        <name>Ing. Peter Gnip, PhD.</name>
        <contact>peter.gnip@tuke.sk</contact>
        <url>https://kpi.fei.tuke.sk/sk/person/peter-gnip</url>
    </instructor>
    <instructor>
        <name>Ing. Samuel Novotný</name>
        <contact>samuel.novotny@tuke.sk</contact>
        <url>https://kpi.fei.tuke.sk/sk/person/samuel-novotny</url>
    </instructor>

<!--
    <instructor>
        <name>Ing. Matúš Sulír, PhD.</name>
        <contact>matus.sulir@tuke.sk</contact>
        <url>https://kpi.fei.tuke.sk/sk/person/matus-sulir</url>
    </instructor>

-->

    <!--Doporucena literatura:-->
    <resource>
        Ján Kollár, Prekladače. Elfa 2009.
    </resource>
	<resource>
		 Ľubomír Dedera, Počítačové jazyky a ich spracovanie, Akadémia ozbrojených síl generála Milana Rastislava Štefánika, Liptovský Mikuláš, 2014.
	</resource>
    <resource>
        Aho, A.V., Sethi, R., Ullman, J.D.: Compilers: Principles, Techniques, and Tools. Addison-Wesley, 1988.
    </resource>
    <resource>
        Hartmann, A.C.: A Concurrent Pascal Compiler for Minicomputers. Springer Verlag, 1978.
    </resource>
    <resource>
        Hopcroft, J.E., Ullman, J.D.: Formálne jazyky a automaty. Alfa Bratislava, 1978.
        (Formal languages and their relation to automata, Adisson-Wesley, 1969)
    </resource>
    <resource>
        Milner, R.: A theory of type polymorphism in Programming, Journal of Computer and System Science, Vol.17,1978, 348-375.
    </resource>
    <resource>
		Schreiner, W., Steingartner W.: The SLANG Semantics-Based Language Generator, https://www.risc.jku.at/research/formal/software/SLANG, 2023.
    </resource>
    <resource>
        Wirth, N.: MODULA-2. Institut fuer Informatik, ETH, Zurich, 1980.
    </resource>
	
</subjectInfo>
